{
    "@type": "Workflow",
    "triggerLimit": null,
    "name": "JSON to Grid",
    "aliasName": null,
    "tag": null,
    "description": "Sample playbook to render JSON data into grid",
    "isActive": true,
    "debug": false,
    "singleRecordExecution": false,
    "remoteExecutableFlag": false,
    "parameters": [],
    "synchronous": false,
    "collection": "\/api\/3\/workflow_collections\/2c091616-5d76-4891-beaf-2793b40d02a3",
    "versions": [],
    "triggerStep": "\/api\/3\/workflow_steps\/fff9dbb2-8753-475b-b152-2eb07a533dc9",
    "steps": [
        {
            "@type": "WorkflowStep",
            "name": "Return Output",
            "description": null,
            "arguments": {
                "grid_data": "[\n{\n      \"@id\": \"\/api\/3\/change_request\/1\",\n      \"cRNo\": \"<a href='https:\/\/github.com\/fortisoar\/fortisoar-prod-content\/issues\/1' target='_blank'>1<\/a>\",\n      \"summary\": \"Create New Module\",\n      \"pRStatus\": \"closed\",\n      \"repo_url\": \"<a href='https:\/\/github.com\/fortisoar\/fortisoar-prod-content' target='_blank'>fortisoar-prod-content<\/a>\",\n      \"new_branch\": \"CR-1\",\n      \"pRReviewer\": \"\",\n      \"description\": \"<p>Create Bank Module<\/p>\",\n      \"pullRequest\": \"<a href='https:\/\/github.com\/fortisoar-cicd\/fortisoar-prod-content\/pull\/2' target='_blank'>New Module<\/a>\",\n      \"assigneeUsername\": \"cs-admin\",\n      \"reporterUsername\": \"sujit-ahirrao\"\n    },\n{\n      \"@id\": \"\/api\/3\/change_request\/2\",\n      \"cRNo\": \"<a href='https:\/\/github.com\/fortisoar\/fortisoar-prod-content\/issues\/2' target='_blank'>1<\/a>\",\n      \"summary\": \"Create New Playbook\",\n      \"pRStatus\": \"open\",\n      \"repo_url\": \"<a href='https:\/\/github.com\/fortisoar\/fortisoar-prod-content' target='_blank'>fortisoar-prod-content<\/a>\",\n      \"new_branch\": \"CR-2\",\n      \"pRReviewer\": \"\",\n      \"description\": \"<p>Create Bank Playbook<\/p>\",\n      \"pullRequest\": \"<a href='https:\/\/github.com\/fortisoar-cicd\/fortisoar-prod-content\/pull\/1' target='_blank'>New Playbook<\/a>\",\n      \"assigneeUsername\": \"cs-admin\",\n      \"reporterUsername\": \"sujit-ahirrao\"\n    }\n]",
                "grid_columns": "{\n    \"columns\": [\n      {\n        \"field\": \"cRNo\",\n        \"width\": \"*\",\n        \"visible\": true,\n        \"displayName\": \"CR-No\",\n        \"cellTemplate\": \"<div class='ui-grid-cell-contents'>&nbsp;&nbsp;<span title=\\\"\\\" data-ng-bind-html=\\\"row.entity.cRNo\\\"><\/span><\/div>\",\n        \"enableSorting\": true,\n        \"enableCellEdit\": false,\n        \"enableFiltering\": false,\n        \"enableColumnMenu\": true\n      },\n      {\n        \"field\": \"repo_url\",\n        \"width\": \"*\",\n        \"visible\": true,\n        \"displayName\": \"Repository\",\n        \"cellTemplate\": \"<div class='ui-grid-cell-contents'>&nbsp;&nbsp;<span title=\\\"\\\" data-ng-bind-html=\\\"row.entity.repo_url\\\"><\/span><\/div>\",\n        \"enableSorting\": true,\n        \"enableCellEdit\": false,\n        \"enableFiltering\": false,\n        \"enableColumnMenu\": true\n      },\n      {\n        \"field\": \"summary\",\n        \"width\": \"*\",\n        \"visible\": true,\n        \"displayName\": \"Summary\",\n        \"cellTemplate\": \"<div class='ui-grid-cell-contents'>&nbsp;&nbsp;<span data-ng-bind=\\\"row.entity.summary\\\"><\/span><\/div>\",\n        \"enableSorting\": true,\n        \"enableCellEdit\": false,\n        \"enableFiltering\": false,\n        \"enableColumnMenu\": true\n      },\n      {\n        \"field\": \"new_branch\",\n        \"width\": \"*\",\n        \"visible\": true,\n        \"displayName\": \"New Branch\",\n        \"cellTemplate\": \"<div class='ui-grid-cell-contents'>&nbsp;&nbsp;<span data-ng-bind=\\\"row.entity.new_branch\\\"><\/span><\/div>\",\n        \"enableSorting\": true,\n        \"enableCellEdit\": false,\n        \"enableFiltering\": false,\n        \"enableColumnMenu\": true\n      },\n      {\n        \"field\": \"assigneeUsername\",\n        \"width\": \"*\",\n        \"visible\": true,\n        \"displayName\": \"Assignee\",\n        \"cellTemplate\": \"<div class='ui-grid-cell-contents'>&nbsp;&nbsp;<span data-ng-bind=\\\"row.entity.assigneeUsername\\\"><\/span><\/div>\",\n        \"enableSorting\": true,\n        \"enableCellEdit\": false,\n        \"enableFiltering\": false,\n        \"enableColumnMenu\": true\n      },\n      {\n        \"field\": \"reporterUsername\",\n        \"width\": \"*\",\n        \"visible\": true,\n        \"displayName\": \"Reporter\",\n        \"cellTemplate\": \"<div class='ui-grid-cell-contents'>&nbsp;&nbsp;<span data-ng-bind=\\\"row.entity.reporterUsername\\\"><\/span><\/div>\",\n        \"enableSorting\": true,\n        \"enableCellEdit\": false,\n        \"enableFiltering\": false,\n        \"enableColumnMenu\": true\n      },\n      {\n        \"field\": \"pullRequest\",\n        \"width\": \"*\",\n        \"visible\": true,\n        \"displayName\": \"Pull Request\",\n        \"cellTemplate\": \"<div class='ui-grid-cell-contents'>&nbsp;&nbsp;<span title=\\\"\\\" data-ng-bind-html=\\\"row.entity.pullRequest\\\"><\/span><\/div>\",\n        \"enableSorting\": true,\n        \"enableCellEdit\": false,\n        \"enableFiltering\": false,\n        \"enableColumnMenu\": true\n      },\n      {\n        \"field\": \"pRStatus\",\n        \"width\": \"*\",\n        \"visible\": true,\n        \"displayName\": \"PR Status\",\n        \"cellTemplate\": \"<div class='ui-grid-cell-contents'>&nbsp;&nbsp;<span data-ng-bind=\\\"row.entity.pRStatus\\\"><\/span><\/div>\",\n        \"enableSorting\": true,\n        \"enableCellEdit\": false,\n        \"enableFiltering\": false,\n        \"enableColumnMenu\": true\n      },\n      {\n        \"field\": \"pRReviewer\",\n        \"width\": \"*\",\n        \"visible\": true,\n        \"displayName\": \"Reviewers\",\n        \"cellTemplate\": \"<div class='ui-grid-cell-contents'>&nbsp;&nbsp;<span data-ng-bind=\\\"row.entity.pRReviewer\\\"><\/span><\/div>\",\n        \"enableSorting\": true,\n        \"enableCellEdit\": false,\n        \"enableFiltering\": false,\n        \"enableColumnMenu\": true\n      }\n    ]\n  }"
            },
            "status": null,
            "top": "165",
            "left": "125",
            "stepType": "\/api\/3\/workflow_step_types\/04d0cf46-b6a8-42c4-8683-60a7eaa69e8f",
            "group": null,
            "uuid": "20ba9487-d967-4474-9096-cdbb592c55e2"
        },
        {
            "@type": "WorkflowStep",
            "name": "Start",
            "description": null,
            "arguments": {
                "route": "8b250703-bddf-4d14-ae84-b74002b58dd5",
                "resources": [
                    "alerts"
                ],
                "inputVariables": [],
                "step_variables": {
                    "input": {
                        "params": [],
                        "records": "{{vars.input.records}}"
                    }
                },
                "executeButtonText": "Execute",
                "noRecordExecution": true,
                "singleRecordExecution": false
            },
            "status": null,
            "top": "30",
            "left": "125",
            "stepType": "\/api\/3\/workflow_step_types\/f414d039-bb0d-4e59-9c39-a8f1e880b18a",
            "group": null,
            "uuid": "fff9dbb2-8753-475b-b152-2eb07a533dc9"
        }
    ],
    "routes": [
        {
            "@type": "WorkflowRoute",
            "name": "Start -> Return Output",
            "targetStep": "\/api\/3\/workflow_steps\/20ba9487-d967-4474-9096-cdbb592c55e2",
            "sourceStep": "\/api\/3\/workflow_steps\/fff9dbb2-8753-475b-b152-2eb07a533dc9",
            "label": null,
            "isExecuted": false,
            "uuid": "e3639130-0d0c-4ba6-80e0-bd966b970c85"
        }
    ],
    "groups": [],
    "priority": "\/api\/3\/picklists\/2b563c61-ae2c-41c0-a85a-c9709585e3f2",
    "uuid": "5678fa9c-47d1-465f-beef-62e11e67d7d6",
    "owners": [],
    "isPrivate": false,
    "deletedAt": null,
    "recordTags": []
}